user_input,bot_output,score,reason
How do LOS and Red Cross websites differ in info about shelters for undocumented migrants in NL?,I don't have the right information to answer your question.,0,"The score is 0.00 because the output does not address the comparison between LOS and Red Cross websites regarding shelter information for undocumented migrants in the Netherlands; it only mentions a lack of information, making it entirely irrelevant to the question."
"How do limited rights, lack of benefits, and housing restrictions increase UM vulnerability to exploitation?","Limited rights, lack of benefits, and housing restrictions increase unaccompanied minors' (UM) vulnerability to exploitation in several ways:

- Without legal rights and benefits, UM have limited access to safe and stable housing, making them more likely to live in insecure or unsafe conditions.
- Lack of access to social services and financial support forces UM to rely on informal networks, which may expose them to exploitative situations.
- Housing restrictions can push UM into overcrowded or hidden accommodations where they are harder to protect and more vulnerable to abuse.
- The absence of legal work opportunities may lead UM to accept exploitative labor conditions.
- Overall, these factors reduce UM's ability to seek help and increase their dependence on potentially exploitative individuals or groups.",1,"Great job! The score is 1.00 because all statements in the output were relevant and directly addressed how limited rights, lack of benefits, and housing restrictions increase UM vulnerability to exploitation."
"If UM lost access to all support orgs, what new risks might they face in NL?","If unaccompanied minors (UM) lost access to all support organizations in the Netherlands, they would face serious risks including:

- Becoming homeless, as they would lose access to shelter arranged by organizations like Nidos and municipalities.
- Lack of legal guardianship and protection, increasing vulnerability to exploitation and abuse.
- Limited access to necessary medical care and education, despite rights to these services.
- Risk of becoming undocumented, which means no right to housing, work, or government subsidies.
- Increased exposure to unsafe environments and potential trafficking.

Support organizations play a crucial role in safeguarding the rights and well-being of unaccompanied minors.",1,Great job! The score is 1.00 because all statements in the output were directly relevant to the risks UM might face in NL without support organizations.
Analyze how limited rights to social benefits and health insurance increase UM vulnerability to exploitation.,"Limited rights to social benefits and health insurance increase unaccompanied minors' (UM) vulnerability to exploitation in these ways:

- Without social benefits, UM lack financial support for basic needs like food, clothing, and shelter, making them more likely to accept unsafe or exploitative living and working conditions.
- Lack of health insurance restricts access to necessary medical care, leaving UM physically vulnerable and less able to recover from abuse or exploitation.
- Limited access to social services reduces opportunities for UM to receive guidance, protection, and support, increasing isolation and dependence on potentially exploitative individuals.
- The absence of formal support networks makes it harder for UM to report exploitation or seek help, allowing exploiters to operate with less risk of detection.
- Overall, these limitations create a precarious situation where UM are more susceptible to abuse, trafficking, and other forms of exploitation.",1,Great job! The score is 1.00 because all statements in the output were relevant and directly addressed how limited rights to social benefits and health insurance increase UM vulnerability to exploitation.
"Where can I find info about support orgs and shelters for UM, incl. local options?","You can find information about support organizations and shelters for unaccompanied minors (UM) in the Netherlands from these sources:

- **Nidos**: The main organization responsible for shelter and guardianship of unaccompanied minors. They arrange shelter, often in host families with similar cultural backgrounds. Website: https://www.nidos.nl/oekraine/

- **UNICEF Netherlands**: Provides information about unaccompanied children from Ukraine and related support. Website: https://www.unicef.nl/ons-werk/noodhulp/oekraine/onbegeleide-kinderen-uit-oekraine

- **Local Municipalities**: They register unaccompanied minors and coordinate local shelter and support options. Contact the municipality where the minor is or will be residing for local assistance.

These sources will help you find comprehensive information on shelters and support for unaccompanied minors, including local options.",1,"Great job! The score is 1.00 because all information provided was directly relevant to finding support organizations and shelters for UM, with no irrelevant statements."
