input,actual_output,score,reason
"Where can I find info on NL local shelter options for UM, incl. Red Cross, LOS, and HIA?","You can find information about local shelter options for UM (undocumented migrants) on the following websites:

- Red Cross Helpful Information: https://helpfulinformation.redcross.nl/
- LOS Foundation: https://www.stichtinglos.nl/noodopvang

These sites provide details about available shelters, including those coordinated by the Red Cross and other organizations. The HIA (Helpful Information website) also lists shelter options per city.",,
,,0.8,"The score is 0.80 because the actual output incorrectly claims that the Red Cross coordinates shelters, while the retrieval context clarifies that the Red Cross only provides referral information and does not coordinate shelters."
"If BBB's were newly introduced in Amsterdam, how would UM access info on local shelters?","If BBB's were newly introduced in Amsterdam, UM (undocumented migrants) could access information on local shelters through the Red Cross Helpful Information website: https://helpfulinformation.redcross.nl/ and the LOS website: https://www.stichtinglos.nl/noodopvang. These platforms provide up-to-date details about shelter options, including new programs like BBB's.",,
,,1.0,The score is 1.00 because there are no contradictions—great job staying true to the retrieval context!
"How do shelter programs for UM differ among Eindhoven, Utrecht, Groningen, and Amsterdam?","Shelter programs for UM (undocumented migrants) are available in Eindhoven, Utrecht, Groningen, and Amsterdam. However, the specifics may differ per municipality. For example, in Groningen, screening for shelter is done by Inlia (https://www.inlia.nl/nl), while the other cities may have different procedures or organizations involved. For up-to-date and detailed information about each city's shelter program, you can visit the Red Cross Helpful Information website: https://helpfulinformation.redcross.nl/ or the LOS website: https://www.stichtinglos.nl/noodopvang.",,
,,1.0,The score is 1.00 because there are no contradictions—the actual output aligns perfectly with the retrieval context. Great job maintaining faithfulness!
"Where can I find info about support orgs and shelters for UM, incl. local options?","You can find information about support organizations and shelters for undocumented migrants (UM), including local options, on the Stichting LOS website: https://www.stichtinglos.nl/content/organisaties and for shelters: https://www.stichtinglos.nl/noodopvang. Additionally, the Red Cross Helpful Information website provides details about local organizations in different cities: https://helpfulinformation.redcross.nl/.",,
,,1.0,The score is 1.00 because there are no contradictions—great job staying true to the retrieval context!
"If a migrant evades detection for 18 months after a Dublin claim, what happens next?","If a migrant with a Dublin claim manages to stay under the radar for 18 months, the Dublin claim expires. After this period, they can request asylum in the Netherlands.",,
,,1.0,The score is 1.00 because there are no contradictions—great job staying true to the retrieval context!
"If UM requests shelter but has a Dublin claim, how might Red Cross helpdesk respond?","If a UM (undocumented migrant) requests shelter but has a Dublin claim, the Red Cross helpdesk would explain that it is very hard for people with a Dublin claim to get support, as local shelter programs and BBBs often do not provide shelter to people with a Dublin claim. The helpdesk cannot offer shelter directly but will try to understand the situation and refer the person to local support organizations or the district for further advice and support. They will not send someone directly to a shelter but will check available options and provide information on where to seek help.",,
,,1.0,The score is 1.00 because there are no contradictions—great job staying true to the retrieval context!
"If UM lost access to all support orgs, what new risks might they face in NL?","If undocumented migrants (UM) lose access to all support organizations in the Netherlands, they face increased risks of exploitation by bad employers, slum landlords, or human traffickers due to their vulnerable position and lack of rights. Without support, they have even less access to shelter, healthcare, and basic needs, making them more likely to end up in unsafe or unhealthy situations. They are also not entitled to social benefits or health insurance, so losing support further limits their ability to get help, increasing the likelihood of homelessness, health problems, and social isolation.",,
,,1.0,The score is 1.00 because there are no contradictions—great job staying true to the retrieval context!
Analyze how limited rights to social benefits and health insurance increase UM vulnerability to exploitation.,"Limited rights to social benefits and health insurance make undocumented migrants (UM) more vulnerable to exploitation because they cannot access basic support or protection from the government. Without social benefits, they have no financial safety net, making them dependent on informal or unsafe work, where they are at risk of being exploited by bad employers or landlords. The inability to take out health insurance means they may avoid seeking medical help, leading to unsafe or unhealthy situations. This lack of rights and support makes it easier for others to take advantage of their vulnerable position.",,
,,1.0,The score is 1.00 because there are no contradictions—great job staying true to the retrieval context!
"How can UM access Red Cross food/shelter programs, considering partner org involvement and eligibility criteria?","Undocumented migrants (UM) can access Red Cross food and shelter programs only through referral by a partner organization. The Red Cross does not provide direct access; eligibility and admission depend on the involvement of these partners. For shelter, the Red Cross program is limited (e.g., 10 days) and requires coordination with a partner. For more information and to find local partner organizations, UM should consult the Red Cross website (https://helpfulinformation.redcross.nl/) or contact the WhatsApp Helpline. Always check eligibility and availability before making referrals.",,
,,1.0,The score is 1.00 because there are no contradictions—great job staying true to the retrieval context!
"If BBB shelters in NL doubled capacity, how would UM access and shelter rights change?","If BBB shelters in the Netherlands doubled their capacity, more undocumented migrants (UM) could potentially access shelter, reducing immediate housing challenges. However, access and shelter rights would not fundamentally change, as strict admission criteria (such as having a rejected asylum request and a legal perspective on a new asylum request) would still apply. People with a Dublin claim or those who do not meet the criteria would likely still be excluded. Therefore, while more UM might find shelter, the overall rights and access procedures would remain the same. Always check local criteria and contact organizations before referring someone. (Sources: context above, https://www.stichtinglos.nl/noodopvang)",,
,,1.0,The score is 1.00 because there are no contradictions—great job staying true to the retrieval context!
How do LOS and Red Cross websites differ in info about shelters for undocumented migrants in NL?,"The LOS website provides detailed information about support organizations and specific shelter locations for undocumented migrants in the Netherlands, including criteria and availability (https://www.stichtinglos.nl/noodopvang). The Red Cross website (https://helpfulinformation.redcross.nl/) offers information about local aid organizations and general support, but does not list specific shelter locations. LOS is more focused on shelter details, while the Red Cross provides broader support information.",,
,,1.0,The score is 1.00 because there are no contradictions—great job staying true to the retrieval context!
"How do limited rights, lack of benefits, and housing restrictions increase UM vulnerability to exploitation?","Limited rights, lack of benefits, and housing restrictions make undocumented migrants (UM) highly vulnerable to exploitation. Without a residence permit, they have very limited rights and cannot access social benefits or health insurance. Most homeless shelters refuse people without a residence permit, and they cannot rent from social housing corporations. This forces UM into unsafe or unhealthy situations, making them easy targets for exploitation by bad employers, slum landlords, or human traffickers. Their lack of legal protection and support increases their risk of being taken advantage of.",,
,,1.0,The score is 1.00 because there are no contradictions—great job staying true to the retrieval context!
"If LVV funding ended nationwide, how might cities continue 24-hour shelter for rejected asylum seekers?","Even though national LVV funding ended, cities like Amsterdam, Utrecht, Eindhoven, and Groningen have decided to continue 24-hour shelter programs for rejected asylum seekers using their own resources. Only Rotterdam chose to stop. Information on how to access these local programs can be found on HIA.",,
,,1.0,"The score is 1.00 because there are no contradictions listed, indicating the actual output aligns perfectly with the retrieval context. Great job staying faithful to the source!"
Where can I access details on emergency food and health workshops for undocumented migrants in NL?,"You can find details on emergency food programs and health workshops for undocumented migrants in the Netherlands on the Red Cross website: https://www.rodekruis.nl/wat-doen-wij/hulp-in-nederland/ondersteuning-ongedocumenteerde-migranten/. The Red Cross provides workshops on health care, working rights, healthy habits, clear communication, and first aid, and also offers food programs through partner organizations. For local aid organizations, visit https://helpfulinformation.redcross.nl/.",,
,,1.0,"The score is 1.00 because there are no contradictions listed, indicating the actual output aligns perfectly with the retrieval context. Great job staying faithful to the source!"
Identify the criteria distinguishing stateless persons from undocumented migrants in Dutch immigration law.,"In Dutch immigration law, **stateless persons** are individuals who are not recognized as nationals by any country under its laws, meaning they have no nationality. **Undocumented migrants**, on the other hand, are people who do not have a valid residence permit or legal right to stay in the Netherlands, regardless of whether they have a nationality. The key distinction is that stateless persons lack any nationality, while undocumented migrants may have a nationality but lack legal residence status in the Netherlands.",,
,,1.0,"The score is 1.00 because there are no contradictions listed, indicating the actual output aligns perfectly with the retrieval context. Great job staying faithful to the source!"
"Can EU citizens ever be considered undocumented in NL, even if their visa or permit expires?","No, EU citizens can never be considered undocumented in the Netherlands. EU citizens do not need to apply for a residence permit to be in the Netherlands legally, so their status does not depend on a visa or permit expiring.",,
,,1.0,"The score is 1.00 because there are no contradictions listed, indicating the actual output aligns perfectly with the retrieval context. Great job maintaining faithfulness!"
"If a Dublin claim lasted 36 months, how would this affect UM's asylum and shelter options?","If a Dublin claim lasted 36 months instead of 18, undocumented migrants (UM) would have to stay under the radar for a much longer period before being able to request asylum in the Netherlands. This would increase their vulnerability and make it even harder to access shelter, as people with a Dublin claim are generally not allowed in local shelter programs like BBB or municipality shelters. Extending the Dublin claim period would therefore significantly limit both their asylum and shelter options, making their situation more difficult.",,
,,1.0,The score is 1.00 because there are no contradictions—great job staying perfectly faithful to the retrieval context!
"Which specific Red Cross workshops for UM cover health care, working rights, healthy habits, and first aid?","The Red Cross provides workshops for undocumented migrants (UM) on health care, working rights, healthy habits, clear communication, and first aid. These workshops are designed to inform and support UM in these key areas. For more details about the specific workshops and how to access them, visit the Red Cross website: https://www.rodekruis.nl/wat-doen-wij/hulp-in-nederland/ondersteuning-ongedocumenteerde-migranten/",,
,,1.0,The score is 1.00 because there are no contradictions—great job staying true to the retrieval context!
Examine the challenges faced by stateless individuals lacking any legal residency or nationality documentation.,"Stateless individuals without legal residency or nationality documentation face significant challenges. They have no recognized legal status, which means they cannot access basic rights such as social benefits, health insurance, or legal employment. This makes them highly vulnerable to exploitation by employers, landlords, or traffickers. They are often excluded from most government assistance and shelter programs, and finding housing is extremely difficult since most shelters require a residence permit. Their lack of documentation leaves them in unsafe or unhealthy situations and makes it easy for them to get into trouble or be taken advantage of.",,
,,1.0,The score is 1.00 because there are no contradictions—great job staying perfectly faithful to the retrieval context!
How do Dublin claimants navigate exclusion from Dutch BBB shelters and municipal aid programs?,"Dublin claimants are often excluded from Dutch BBB shelters and municipal aid programs, as these typically do not accept people with a Dublin claim. To navigate this exclusion, Dublin claimants may try to stay ""under the radar"" for 18 months, after which their Dublin claim expires and they can reapply for asylum in the Netherlands. During this period, it is very difficult for them to access official support or shelter, so they often rely on informal networks, local support organizations, or emergency aid provided by NGOs like the Red Cross. However, access to shelter and assistance remains extremely limited for this group.",,
,,1.0,The score is 1.00 because there are no contradictions—great job staying true to the retrieval context!
"What is the Cold Weather Regulation for winter shelters, and is it always accessible for UM in NL?","The Cold Weather Regulation is a shelter program that municipalities in the Netherlands must organize when temperatures drop below 0°C, as it becomes too dangerous to sleep outside. It can be opened from November 1st to April 1st. Undocumented migrants (UM) always have access to the Cold Weather Regulation, but not always to permanent winter shelters. For opening times per city, see: https://helpfulinformation.redcross.nl/",,
,,1.0,"The score is 1.00 because there are no contradictions listed, indicating the actual output aligns perfectly with the retrieval context. Great job maintaining faithfulness!"
How do undocumented minors access emergency shelter during extreme weather in non-participating municipalities?,"Undocumented minors can access emergency shelter during extreme weather through the Cold Weather Regulation, which municipalities are legally required to organize when temperatures drop below 0°C, even if they do not have a permanent shelter program. This regulation ensures that it becomes too dangerous to sleep outside, and undocumented migrants—including minors—must be given access. For information on where shelters are open, you can check the Helpful Information website: https://helpfulinformation.redcross.nl/.",,
,,0.75,"The score is 0.75 because the actual output incorrectly claims that the Cold Weather Regulation 'ensures that it becomes too dangerous to sleep outside,' whereas the retrieval context only states that the regulation is organized when temperatures drop below 0 degrees, without making that assertion. However, the rest of the information about access for undocumented migrants is accurate."
Explain how winter shelters function and specify UM access differences between permanent and Cold Weather Regulation shelters.,"Winter shelters operate in two ways: as permanent winter shelters or under the Cold Weather Regulation. Municipalities can choose to organize permanent winter shelters and decide if undocumented migrants (UM) can access them—UM do not always have access to these. However, when temperatures drop below 0°C (from November 1 to April 1), municipalities are legally required to open Cold Weather Regulation shelters, and UM always have access to these. Large cities coordinate the opening and closing of Cold Weather Regulation shelters together. For up-to-date information on shelter availability, see https://helpfulinformation.redcross.nl/.",,
,,1.0,The score is 1.00 because there are no contradictions—great job staying true to the retrieval context!
"Which Red Cross Amsterdam-Amstelland services exclude urgent aid, medical provision, and addiction-related support?","Red Cross Amsterdam-Amstelland excludes the following services: urgent assistance requests needing help within 24 hours, providing medicines or medical assistance, and support for clients with addiction problems or serious psychological issues.",,
,,1.0,The score is 1.00 because there are no contradictions—great job staying true to the retrieval context!
"Are undocumented migrants in NL entitled to GP consultations, and how are costs reimbursed by CAK?","Yes, undocumented migrants in the Netherlands are entitled to see a general practitioner (GP). The costs for medically necessary care provided by GPs are reimbursed by the CAK if the undocumented patient cannot pay themselves. The GP can claim reimbursement for 80% of the costs from the CAK. For more details, see: https://www.hetcak.nl/zakelijk/via-welke-regeling-declareren/ and https://helpfulinformation.redcross.nl/files/Brief-zorgverlening-ongedocumenteerde-migranten-landelijk.pdf",,
,,1.0,The score is 1.00 because there are no contradictions—great job staying completely faithful to the retrieval context!
"How does the Red Cross assist UM with medical care, considering their referral-only policy and travel reimbursement?","The Red Cross does not provide medical care directly or have doctors on staff. Instead, they assist undocumented migrants (UM) by giving referral information and connecting them with healthcare providers or support organizations, such as Doctors of the World. The Red Cross does not reimburse medical costs but may sometimes reimburse travel costs—this should be checked with the team captain or Piket. Their main role is to inform and refer, not to deliver or fund medical services.",,
,,1.0,The score is 1.00 because there are no contradictions—great job staying perfectly faithful to the retrieval context!
"Where can I find info about shelters for UM in NL, incl. city-specific options and websites?","You can find information about shelters for UM (undocumented migrants) in the Netherlands, including city-specific options, on the Red Cross Helpful Information website: https://helpfulinformation.redcross.nl/ and on the LOS Foundation website: https://www.stichtinglos.nl/noodopvang. These sites provide details about available shelters in different cities. For example, there are shelter programs for UM in Eindhoven, Utrecht, Groningen (screening by Inlia: https://www.inlia.nl/nl), and Amsterdam.",,
,,1.0,The score is 1.00 because there are no contradictions—great job staying true to the retrieval context!
"Which basic health insurance services does CAK reimburse for undocumented pts, incl. GP, emergency, obstetrics?","CAK reimburses necessary medical care for undocumented patients that is included in the basic health insurance package. This includes:

- General practitioner (GP) care (80% reimbursed if the patient cannot pay)
- Emergency care (80% reimbursed, both contracted and non-contracted hospitals)
- Obstetric care (100% reimbursed)
- Dental care for those under 18 (80% reimbursed)
- Medicines (with a €5 personal contribution per medicine, unless prescribed via blister/baxter)
- Care from contracted pharmacies, hospitals, long-term care (nursing home), and mental health institutions

Dental care above 18, and medications or aids not in the basic package, are not reimbursed. For more details, see: https://www.hetcak.nl/zakelijk/via-welke-regeling-declareren/",,
,,0.8888888888888888,"The score is 0.89 because the actual output incorrectly generalizes reimbursement to all long-term care institutions, while the context specifies that only contracted AWBZ and GGZ institutions are reimbursed."
"Which orgs offer UM medical, dental, psychological aid, appointment help, and reimbursement support in NL?","Doctors of the World is the main organization in the Netherlands that offers medical, dental, and psychological aid to undocumented migrants (UM). They also help with making appointments, finding a GP, and getting medical bills reimbursed. More information and city-specific offers can be found on Helpful Information: https://helpfulinformation.redcross.nl/ and via their helpdesk: https://doktersvandewereld.org/need-help. Other support organizations exist in larger cities and can also be found on the Helpful Information website.",,
,,1.0,The score is 1.00 because there are no contradictions—great job staying true to the retrieval context!
"Which websites provide info on UM medical rights, and what care/costs are reimbursed by CAK?","You can find information about the medical rights of undocumented migrants (UM) on the Stichting LOS website: https://www.stichtinglos.nl/content/gezondheidszorg. Details about which care and costs are reimbursed by CAK are available at: https://www.hetcak.nl/zakelijk/via-welke-regeling-declareren/.

Key points:
- Undocumented migrants have the right to all necessary medical care included in the basic health insurance package; costs are reimbursed by CAK.
- General practitioners and dentists (for those under 18) are reimbursed for 80% if the patient cannot pay.
- Emergency care is reimbursed for 80%.
- Obstetric care is 100% reimbursed.
- Only contracted pharmacies, hospitals, and mental health institutions are reimbursed.
- Dental care above 18 and non-basic package medications are not reimbursed. 

For more details, see the links above.",,
,,1.0,The score is 1.00 because there are no contradictions—great job staying true to the retrieval context!
"If UM needed urgent surgery, how would reimbursement rules affect their access to care?","If an undocumented migrant (UM) needs urgent surgery, they have the right to receive all necessary medical care, including emergency surgery. The costs for emergency care are reimbursed for 80% by the CAK, even if the hospital is not contracted. The hospital can try to recover the remaining costs from the patient, but care cannot be refused due to inability to pay. For more details, see: https://www.hetcak.nl/zakelijk/via-welke-regeling-declareren/",,
,,1.0,The score is 1.00 because there are no contradictions—great job staying completely faithful to the retrieval context!
How do informational materials and videos about Dutch healthcare differ in content and language options?,"Informational materials about Dutch healthcare are available in multiple languages and provide written overviews, while the videos explain the healthcare system in various languages as well. The written materials can be found here: https://ggdghor.nl/wp-content/uploads/2024/01/Overzicht-voorlichtingsmateriaal-in-diverse-talen-versie-2024.pdf. The videos are available in English, Dutch, Spanish, Portuguese, Farsi, French, Arabic, and Chinese, offering spoken explanations for different language groups.",,
,,1.0,The score is 1.00 because there are no contradictions—great job staying true to the retrieval context!
"How does the Red Cross assist with medical care access, and what are its staff limitations regarding doctors?","The Red Cross does not have doctors or provide medical services themselves. Their role is to give referral information or help connect people with a doctor. They do not reimburse medical costs, but may sometimes reimburse travel costs—this should be checked with the team captain or Piket.",,
,,1.0,The score is 1.00 because there are no contradictions—great job staying true to the retrieval context!
How do Red Cross Amsterdam-Amstelland services differ from those of specialized medical organizations?,"Red Cross Amsterdam-Amstelland mainly provides support services such as information, digital food/hygiene support, transport costs, volunteer guidance to appointments, and help accessing emergency funds for medical devices. They do not provide direct medical care or medicines. In contrast, specialized medical organizations focus on providing direct medical help, especially to people without health insurance, and can connect individuals to doctors for ongoing care. If someone needs structural medical help, specialized organizations are better equipped, while the Red Cross offers practical and referral support.",,
,,1.0,The score is 1.00 because there are no contradictions—great job staying true to the retrieval context!
"Which services (info, digital aid, transport, volunteer guidance, emergency fund) does Red Cross Amsterdam-Amstelland offer?","Red Cross Amsterdam-Amstelland offers the following services: information provision and referral to partners, digital food and hygiene support (up to 3 months), transport cost support (up to 3 months), guidance by Red Cross volunteers (e.g., to medical appointments), and access to the Emergency Request fund for (partial) reimbursement of medical devices.",,
,,1.0,"The score is 1.00 because there are no contradictions listed, indicating the actual output aligns perfectly with the retrieval context. Great job maintaining faithfulness!"
Can Red Cross Amsterdam-Amstelland assist with urgent requests needing action within 24 hours or weekends?,"No, Red Cross Amsterdam-Amstelland cannot assist with urgent requests that require action within 24 hours or during weekends. For urgent medical support after office hours or on weekends, it is advised to contact the huisartsenpost (out-of-hours GP service).",,
,,0.5,"The score is 0.50 because the actual output incorrectly adds 'during weekends' as a limitation, while the context only specifies that urgent assistance within 24 hours cannot be provided, without mentioning weekends."
Which rare specialist treatments for UM are directly offered by Doctors of the World mobile units?,"Doctors of the World mobile units mainly provide general medical care, dental care, and psychological help for undocumented migrants (UM). They do not directly offer rare specialist treatments; instead, they help UM access healthcare by connecting them with doctors or referring them to appropriate services. For more information about their services and offers in different cities, visit https://helpfulinformation.redcross.nl/.",,
,,0.75,"The score is 0.75 because the actual output incorrectly claims that information about Doctors of the World services is available at https://helpfulinformation.redcross.nl/, while the retrieval context only mentions that shelter opening times are listed there, not information about Doctors of the World."
Is it better to send an uninsured person with no fixed address to a specialized org or doctor?,"For an uninsured person with no fixed address, it is generally better to send them to a specialized organization. Specialized organizations are experienced in helping people without health insurance and can often provide quicker support. They also have networks of doctors willing to help undocumented individuals. If the person later gets a fixed address, finding a regular doctor (GP) becomes more beneficial for ongoing care.",,
,,1.0,"The score is 1.00 because there are no contradictions listed, indicating the actual output aligns perfectly with the retrieval context. Great job maintaining faithfulness!"
"If a sudden cold snap hits NL, how would shelter opening times in major cities be coordinated?","If a sudden cold snap hits the Netherlands, the major cities (Amsterdam, Rotterdam, The Hague, and Utrecht) coordinate the opening and closing times of the Cold Weather Regulation together, so shelters often open and close at the same time. You can find the specific opening times per city on the Helpful Information website: https://helpfulinformation.redcross.nl/",,
,,1.0,"The score is 1.00 because there are no contradictions listed, indicating the actual output aligns perfectly with the retrieval context. Great job maintaining faithfulness!"
Identify Amsterdam clinics offering pro bono care to undocumented migrants lacking health insurance.,"In Amsterdam, specialized organizations provide pro bono medical care to undocumented migrants without health insurance. You can find an overview of these clinics and organizations on the HIA (Health & Wellbeing) website: https://helpfulinformation.redcross.nl/. Additionally, organizations like Doctors of the World may help, though their information is not always public. For further assistance, you can contact Red Cross Amsterdam-Amstelland at heretohelp.amsterdam@rodekruis.nl.",,
,,0.75,"The score is 0.75 because the actual output incorrectly implies that a complete overview of all specialized clinics and organizations is available on the HIA website, while the contradiction clarifies that not all organizations are listed there. This partial misalignment reduces faithfulness but does not completely undermine the output."
"If no specialized orgs exist, how can Red Cross assist with doctor access and travel reimbursement?","If there are no specialized organizations in the city, the Red Cross can assist by helping the person contact local doctors (providing addresses or calling on their behalf if needed). If after trying 5 doctors it still doesn’t work, they will try to connect the person with the nearest specialized organization. For travel costs to reach a doctor, the Red Cross can check with their Team Captain to see if reimbursement is possible.",,
,,1.0,"The score is 1.00 because there are no contradictions listed, indicating the actual output aligns perfectly with the retrieval context. Great job maintaining faithfulness!"
"Identify which client situations and urgent needs Red Cross Amsterdam-Amstelland cannot address, explaining why.","Red Cross Amsterdam-Amstelland cannot address the following client situations and urgent needs:

- They cannot provide guidance by volunteers to clients with addiction problems or serious psychological problems, because their volunteers are not equipped to support these cases.
- They cannot respond to urgent assistance requests that require help within 24 hours, as they are not set up for immediate crisis intervention.
- They cannot provide medicines or medical assistance, since this is outside their scope of services.

These limitations exist because the organization’s resources and expertise are focused on information provision, limited financial support, and non-medical guidance, not on urgent, medical, or highly specialized care.",,
,,1.0,The score is 1.00 because there are no contradictions—great job staying completely faithful to the retrieval context!
What steps can undocumented migrants in NL take to access GP or emergency medical care?,"Undocumented migrants in the Netherlands have the right to see a doctor, including a GP (huisarts) and emergency care. Steps they can take:

1. **Contact a GP (huisarts):** They can visit a family doctor. If they have a fixed address, it is best to register with a GP for ongoing care. If they have trouble finding a GP, they can ask for help from organizations like the Red Cross or specialized organizations for undocumented migrants.

2. **Use specialized organizations:** In cities with specialized organizations, these can help undocumented migrants access medical care and may have networks of doctors willing to help.

3. **Emergency care:** For urgent medical needs, they can go to the emergency post at a hospital. Hospitals have a legal duty to help in emergencies, regardless of insurance or residence status.

4. **After-hours care:** For urgent issues outside office hours, they should call the huisartsenpost (out-of-hours GP service). If they cannot do this themselves, the Red Cross may assist.

5. **Bring supporting documents:** If a doctor is hesitant, migrants can show the Red Cross letter explaining their rights and the CAK reimbursement for costs: https://helpfulinformation.redcross.nl/files/Brief-zorgverlening-ongedocumenteerde-migranten-landelijk.pdf

6. **Cost reimbursement:** Medical costs for undocumented migrants are often reimbursed by the CAK, especially for necessary care.

For more information or help, they can contact the Red Cross Amsterdam-Amstelland at heretohelp.amsterdam@rodekruis.nl.",,
,,0.9166666666666666,"The score is 0.92 because the actual output incorrectly claims that the Red Cross Amsterdam-Amstelland assists with calling the huisartsenpost, while the context only mentions guidance to medical appointments and help with explanations, not making calls."
"Which NL hospitals have CAK contracts for non-insured care, and where is this list available?",Hospitals in the Netherlands that have contracts with the CAK for non-insured care are listed on the CAK website. You can find the list of these hospitals here: https://www.hetcak.nl/zakelijk/onverzekerbare-vreemdelingen/overige-informatie/#item_15341,,
,,1.0,The score is 1.00 because there are no contradictions—great job staying true to the retrieval context!
"Is emergency hospital care accessible and reimbursable for uninsured individuals, and what percentage is covered?","Yes, emergency hospital care is accessible for uninsured individuals in the Netherlands, and hospitals have a legal duty to help in emergencies. The costs can be reimbursed for 80% at the CAK.",,
,,1.0,The score is 1.00 because there are no contradictions—great job staying completely faithful to the retrieval context!
What steps should be taken for urgent medical support after office hours if the patient cannot call?,"If urgent medical support is needed after office hours and the patient cannot call, ask for their date of birth and symptoms, and tell them to stay available to answer questions from the Huisartsenpost and to pick up the phone if called. Discuss with your Team Captain (TC) if you can call the Huisartsenpost on their behalf—often, they will ask to speak directly with the patient, so you can add the patient to the call. If you face difficulties, you can always call with piket to take over the case.",,
,,1.0,"The score is 1.00 because there are no contradictions listed, indicating the actual output aligns perfectly with the retrieval context. Great job maintaining faithfulness!"
How do hospitals with CAK contracts differ from other hospitals in treating uninsured patients?,"Hospitals with CAK contracts are specifically set up to provide care to uninsured patients, as they can directly claim reimbursement for most treatments through the CAK. This makes it easier for uninsured patients to access non-emergency care at these hospitals. Other hospitals may not have this arrangement, so it is best for uninsured patients to go to hospitals with a CAK contract for non-emergency care. For emergencies, all hospitals are legally required to provide help.",,
,,1.0,The score is 1.00 because there are no contradictions—great job staying true to the retrieval context!
"Is physio reimbursed, and which orgs or HIA resources assist with payment in NL?","Physiotherapy is not included in the basic health insurance in the Netherlands, so it is not reimbursed and must be paid for by the individual. Sometimes special organizations can help with payment. For an overview of physiotherapists and which organizations might assist, please see HIA: https://helpfulinformation.redcross.nl/",,
,,1.0,The score is 1.00 because there are no contradictions—great job staying completely faithful to the retrieval context!
Where can I access confidential post-exposure prophylaxis (PEP) and emergency contraception as an undocumented migrant?,"As an undocumented migrant, you can access information and help regarding HIV (including post-exposure prophylaxis, PEP) and emergency contraception through the HIA (Health & Wellbeing) platform: https://helpfulinformation.redcross.nl/. This site provides an overview of where to go for confidential support. For more information in multiple languages, you can also visit: https://www.zanzu.nl/nl/taalkeuze.",,
,,1.0,The score is 1.00 because there are no contradictions—great job staying completely faithful to the retrieval context!
"If special orgs stopped helping, how would uninsured people access physiotherapy services affordably?","If special organizations stop helping, uninsured people would need to pay for physiotherapy themselves, as it is not covered by basic health insurance. For an overview of physiotherapists and possible support options, see HIA: https://helpfulinformation.redcross.nl/",,
,,1.0,The score is 1.00 because there are no contradictions—great job staying true to the retrieval context!
How do options for finding physiotherapists and payment help differ from other health services?,"Options for finding physiotherapists and payment help differ from other health services because physiotherapy is not included in the basic health insurance and is not compensated, so individuals must pay for it themselves. In some cases, special organizations can help with payment. For other health services like seeing a midwife, getting medication, or psychosocial support, there are rights to access and sometimes partial coverage or support, especially for undocumented people. For physiotherapy, you need to check HIA for where to find a physiotherapist and which organizations might help with payment: https://helpfulinformation.redcross.nl/",,
,,0.75,"The score is 0.75 because the actual output cites a different URL (https://helpfulinformation.redcross.nl/) than the one mentioned in the retrieval context, which specifies the HIA website as the correct source for information about physiotherapists and payment assistance organizations."
How does contacting a midwife directly differ from accessing other pregnancy-related healthcare services?,"Contacting a midwife directly differs from other pregnancy-related healthcare services because you do not need to see a doctor first; you can reach out to a midwife yourself after being pregnant for three months. This is not the case for other services, where a referral from a doctor may be required.",,
,,1.0,"The score is 1.00 because there are no contradictions listed, indicating the actual output aligns perfectly with the retrieval context. Great job maintaining faithfulness!"
"Is dental care for uninsured adults 18+ reimbursed, and where can free dental services be found?","Dental care for uninsured adults over 18 is generally **not reimbursed**—you will usually have to pay for it yourself. However, sometimes there are free dental services available occasionally, especially in bigger cities. For an overview of where to find a dentist or information about free dental services, see HIA (Health & Wellbeing): https://helpfulinformation.redcross.nl/. Some specialized organizations, like Doctors of the World, may also help, but availability is limited and not guaranteed.",,
,,1.0,The score is 1.00 because there are no contradictions—great job staying true to the retrieval context!
"How do pregnancy duration, cost, and financial aid influence abortion options and access?","The options and access to abortion depend on how far you are in the pregnancy, as the method used changes with pregnancy duration. Costs for abortion are usually not reimbursed, but if you cannot pay, there are options for financial aid. For more information on abortion options and possible financial support, check HIA: https://helpfulinformation.redcross.nl/",,
,,1.0,"The score is 1.00 because there are no contradictions listed, indicating the actual output aligns perfectly with the retrieval context. Great job staying faithful to the source!"
"If abortion costs suddenly increased, where could someone find info on affordable procedures in NL?","If abortion costs increased, you can find information on affordable procedures and possible financial support options at HIA (https://helpfulinformation.redcross.nl/). This site provides details on abortion and what to do if you cannot pay for it yourself.",,
,,1.0,"The score is 1.00 because there are no contradictions listed, indicating the actual output aligns perfectly with the retrieval context. Great job maintaining faithfulness!"
"Are abortion costs in NL reimbursed, and what payment options exist for those unable to self-fund?","Abortion costs in the Netherlands are usually not reimbursed. However, if you are unable to pay for it yourself, there are options available. For more information about payment options and support, please check HIA: https://helpfulinformation.redcross.nl/",,
,,1.0,"The score is 1.00 because there are no contradictions listed, indicating the actual output aligns perfectly with the retrieval context. Great job staying faithful to the source!"
Where can I find multilingual pregnancy info and direct access to midwives without seeing a doctor?,"You can find multilingual information about pregnancy at https://www.zanzu.de/nl/gezinsplanning-en-zwangerschap/. If you are pregnant, you have the right to contact a midwife directly without first seeing a doctor. For an overview of where to go when you are pregnant, see HIA (Pregnancy & Sexual Health): https://helpfulinformation.redcross.nl/",,
,,1.0,"The score is 1.00 because there are no contradictions listed, indicating the actual output aligns perfectly with the retrieval context. Great job staying faithful to the source!"
How do shelter options differ for undocumented pregnant women before and after childbirth?,"Undocumented pregnant women have the right to shelter for 6 weeks before the birth and 6 weeks after the birth. This means shelter is specifically available during this 12-week period surrounding childbirth. Before the 6 weeks prior to birth and after the 6 weeks following birth, there is no guaranteed right to shelter mentioned in the context.",,
,,1.0,The score is 1.00 because there are no contradictions—great job staying true to the retrieval context!
Explain why direct midwife contact is possible without prior doctor consultation for pregnant individuals.,"Direct contact with a midwife is possible without first seeing a doctor because, according to the context, someone does not need a doctor’s referral to see a midwife after being pregnant for three months. Pregnant individuals can contact a midwife directly for care.",,
,,0.5,"The score is 0.50 because the actual output incorrectly adds the restriction that direct contact with a midwife is only possible after being pregnant for three months, whereas the context states that seeing a doctor first is not required regardless of pregnancy duration."
How can UM 18+ access occasional free dental care via specialized orgs and HIA?,"UM 18+ can access occasional free dental care through specialized organizations, which sometimes offer free dental services, especially in bigger cities. For an overview of available options and organizations, check the HIA (Health & Wellbeing) website: https://helpfulinformation.redcross.nl/. Note that not all organizations are listed publicly—Doctors of the World, for example, can sometimes help but prefer not to have their information public, so you can refer people to them but avoid making promises.",,
,,1.0,The score is 1.00 because there are no contradictions—great job staying true to the retrieval context!
Which specialized orgs in NL assist undocumented migrants (UM) with accessing dental care services?,"Some specialized organizations in the Netherlands that assist undocumented migrants (UM) with accessing dental care include health care organizations listed on the HIA (Health & Wellbeing) platform: https://helpfulinformation.redcross.nl/. Additionally, Doctors of the World can sometimes help with dental care, though their information is not public on HIA. Note that not all organizations are listed, and availability may vary, so it is best to refer people to these organizations but avoid making firm promises.",,
,,1.0,The score is 1.00 because there are no contradictions—great job staying completely faithful to the retrieval context!
How does obtaining a repeat prescription differ from getting an initial prescription at a pharmacy?,"Obtaining a repeat prescription differs from getting an initial prescription because, for a repeat prescription, if someone no longer has their prescription or used to get it in their home country, they can contact a contracted pharmacy directly to discuss their situation. The pharmacy may be able to help or refer them to a doctor. For an initial prescription, a person must first get a prescription from a doctor before going to the pharmacy.",,
,,1.0,The score is 1.00 because there are no contradictions—great job staying true to the retrieval context!
"If a PA lost their prescription, how could they still access medication via contracted pharmacies?","If a PA lost their prescription, they can contact a pharmacy contracted with the CAK directly to discuss their situation. The pharmacy may be able to help provide the medication or advise which doctor to visit for a new prescription. You can find the list of contracted pharmacies here: https://www.hetcak.nl/zakelijk/onverzekerbare-vreemdelingen/overige-informatie/#item_15340",,
,,1.0,The score is 1.00 because there are no contradictions—great job staying true to the retrieval context!
"If I lack residence papers and health insurance, what steps ensure a doctor cannot refuse me?","In the Netherlands, everyone has the right to see a doctor, even without residence papers or health insurance. If a doctor refuses you, explain your rights and show them the Red Cross letter that informs doctors about this policy. The costs are reimbursed by the CAK, and sometimes doctors are not aware of this. You can find the letter here: https://helpfulinformation.redcross.nl/files/Brief-zorgverlening-ongedocumenteerde-migranten-landelijk.pdf.",,
,,1.0,The score is 1.00 because there are no contradictions—great job staying true to the retrieval context!
Suppose you move to NL and need info on sexual health in Turkish. Where could you look?,"You can find information about sexual health in Turkish at https://www.zanzu.nl/nl/taalkeuze, where resources are available in 13 different languages, including Turkish.",,
,,1.0,The score is 1.00 because there are no contradictions—great job staying true to the retrieval context!
How do legal assistance rights differ for people with and without a residence permit?,"Everyone, including people without a residence permit, has the right to legal assistance. A Juridisch Loket (legal help desk) can help with legal issues, and there are also legal aid centres and organizations like VluchtelingenWerk, ASKV Refugee Support, and Stek that provide assistance to people without residence permits. So, the right to legal assistance applies to both groups.",,
,,1.0,The score is 1.00 because there are no contradictions—great job staying true to the retrieval context!
Which org. provides first-time asylum seekers with advice and contact info in NL?,VluchtelingenWerk (the Dutch Refugee Council) provides advice and contact information for first-time asylum seekers in the Netherlands. You can also find information or get in touch with them via their website: www.refugeehelp.nl.,,
,,1.0,The score is 1.00 because there are no contradictions—great job staying completely faithful to the retrieval context!
How do CAK-contracted pharmacies for prescriptions differ from regular pharmacies in access and payment?,"CAK-contracted pharmacies differ from regular pharmacies because they specifically serve people without health insurance, allowing them to get prescribed medication for a fixed fee of €5 per medicine. Regular pharmacies may not offer this arrangement, and costs could be higher. To use a CAK-contracted pharmacy, a prescription from a doctor is required. You can find a list of these pharmacies here: https://www.hetcak.nl/zakelijk/onverzekerbare-vreemdelingen/overige-informatie/#item_15340",,
,,1.0,The score is 1.00 because there are no contradictions—great job staying true to the retrieval context!
Which specialized NGOs assist trafficked undocumented migrants with repatriation and post-return reintegration support?,"Specialized NGOs that assist trafficked undocumented migrants with repatriation and post-return reintegration support can be found via HIA: https://helpfulinformation.redcross.nl/. The Red Cross can refer people to the right organizations but does not provide legal support itself. For legal advice, Stichting LOS (https://www.stichtinglos.nl/content/contact) can be contacted. For support related to labour exploitation or human trafficking, FairWork is a specialized organization: https://www.fairwork.nu/en/homepage/, phone: +31 20 760 08 09.",,
,,1.0,The score is 1.00 because there are no contradictions—great job staying completely faithful to the retrieval context!
"If someone faces urgent legal issues, which orgs might Red Cross refer them to for help?","If someone faces urgent legal issues, the Red Cross can refer them to organizations with more expertise in legal procedures, such as the helpdesk of Stichting LOS for juridical advice (https://www.stichtinglos.nl/content/contact) or the Juridisch Loket for questions not related to residence permits or legal stay (https://www.juridischloket.nl/contact/). The Red Cross itself does not provide legal support.",,
,,1.0,The score is 1.00 because there are no contradictions—great job staying true to the retrieval context!
"If a city’s public schools faced many UM children, could any legally refuse their enrollment?","No, public schools in the Netherlands are not allowed to refuse the enrollment of UM (undocumented minor) children. All children aged 5 to 18 are required to attend school, even without a residence permit, and public schools must accept them. Only special schools (such as Christian or Islamic schools) can refuse enrollment.",,
,,1.0,The score is 1.00 because there are no contradictions—great job staying completely faithful to the retrieval context!
"How does Red Cross handle clothing provision and donation, considering Sympany partnership and HIA city options?","The Red Cross does not provide clothing directly to individuals, only to shelter locations. For individuals seeking clothing, they are referred to local options found on HIA (https://helpfulinformation.redcross.nl/) based on their city. For clothing donations, the Red Cross partners with Sympany, and donors can find the nearest donation container via https://www.sympany.nl/.",,
,,1.0,The score is 1.00 because there are no contradictions—great job staying completely faithful to the retrieval context!
"If a UM child needs a laptop for school, how could Leergeld foundation assist?",The Leergeld foundation can help by providing assistance with paying for a laptop for school. You can find more information or apply for support through their website: https://www.leergeld.nl/.,,
,,1.0,The score is 1.00 because there are no contradictions—great job staying true to the retrieval context!
How does the Red Cross collaborate with Sympany for clothing donation collection and repurposing?,The Red Cross collaborates with Sympany by using their donation containers for clothing collection and repurposing. You can find the nearest container for donations via https://www.sympany.nl/.,,
,,1.0,The score is 1.00 because there are no contradictions—great job staying completely faithful to the retrieval context!
How do HIA and the Red Cross differ in supporting return to country of origin?,"HIA (https://helpfulinformation.redcross.nl/) provides information about different organizations that can help with return to country of origin. The Red Cross itself does not provide legal support or direct assistance with return but can refer people to the right organizations that have more knowledge about the legal procedures. In summary, HIA is an information platform, while the Red Cross acts as a referral service.",,
,,1.0,The score is 1.00 because there are no contradictions—great job staying completely faithful to the retrieval context!
"If an undocumented person wanted to volunteer at a day shelter, what options might exist?","If an undocumented person wants to volunteer at a day shelter, this is sometimes possible. Day shelters often work with volunteers and can advise on available options. It is best to ask directly at the day shelter about opportunities, as they may have ideas or roles suitable for undocumented people. The Red Cross generally cannot accept volunteers without a BSN, but local districts or shelters might have alternatives.",,
,,1.0,The score is 1.00 because there are no contradictions—great job staying completely faithful to the retrieval context!
Where in Amsterdam can I find the nearest Red Cross/Sympany clothing donation container via HIA?,"You can find the nearest Red Cross/Sympany clothing donation container in Amsterdam by visiting https://www.sympany.nl/ and searching for your location. For more local options, check the HIA website: https://helpfulinformation.redcross.nl/.",,
,,1.0,The score is 1.00 because there are no contradictions—great job staying completely faithful to the retrieval context!
Which orgs offer juridical advice and what are their specific roles for undocumented migrants?,"Stichting LOS offers juridical advice specifically for undocumented migrants and can be contacted via their helpdesk: https://www.stichtinglos.nl/content/contact. For legal questions not related to residence permits or legal stay, undocumented migrants can also contact the Juridisch Loket: https://www.juridischloket.nl/contact/. The Red Cross does not provide legal support but can refer people to the right organizations.",,
,,1.0,The score is 1.00 because there are no contradictions—great job staying true to the retrieval context!
"How can undocumented individuals find volunteer work, considering Red Cross, districts, and day shelters?","Undocumented individuals generally cannot volunteer with the Red Cross, as a BSN (citizen service number) is required. However, some Red Cross districts may have ideas or options, especially if they are experienced in supporting undocumented people. It is helpful to first ask what kind of volunteer work the person is interested in and where they are staying. If there is no information available on HIA under 'Activities', it is recommended to refer them to day shelters, as these often work with volunteers or can advise on possibilities. You can also check with the local district for suggestions.",,
,,1.0,The score is 1.00 because there are no contradictions—great job staying true to the retrieval context!
"How does FairWork assist undocumented workers facing exploitation, human trafficking, or urgent work issues?","FairWork specializes in helping people who have problems at work, including those affected by labour exploitation or human trafficking, regardless of their residence status. If the situation is not urgent, you can contact FairWork directly or use their flyer for more information. If the case is serious and needs follow-up, with your permission, FairWork can reach out to you directly. For urgent situations, FairWork can be contacted immediately for help. More information is available at https://www.fairwork.nu/en/homepage/ or by phone at +31 20 760 08 09.",,
,,0.8,"The score is 0.80 because the actual output incorrectly suggests that FairWork will reach out directly, whereas the contradiction clarifies that the aid worker must make a warm referral with the person's permission. This misrepresentation slightly reduces faithfulness, but most information aligns with the context."
Which steps involve discussing with piket/TC and recognizing exploitation/coercion in suspected trafficking cases?,"If you suspect human trafficking, you should always discuss the case with piket or your Team Captain (TC). Recognizing exploitation or coercion involves looking for signs such as people being forced to work in unsafe conditions, being paid too little, working extremely long hours, or being forced or deceived into work. If exploitation is accompanied by coercion or deception, it may be a case of human trafficking.",,
,,1.0,The score is 1.00 because there are no contradictions—great job staying true to the retrieval context!
Can undocumented migrants report labor exploitation to Dutch police without risk of immediate deportation?,"Yes, undocumented migrants in the Netherlands have the right to report labor exploitation or any crime to the police without being deported immediately. The police are obliged to handle every report, regardless of residence status. However, since the police also have the task of deporting undocumented migrants, it is advisable to make an appointment together with an aid worker to avoid misunderstandings or unjustified deportation.",,
,,1.0,"The score is 1.00 because there are no contradictions listed, indicating the actual output aligns perfectly with the retrieval context. Great job staying faithful to the source!"
"If UM children skip school, what legal or practical consequences might they face in NL?","If UM (undocumented minor) children skip school in the Netherlands, their parents or guardians can be held responsible, as school attendance is compulsory for all children aged 5 to 18, regardless of residence status. Schools are required to report truancy to the authorities, and parents may be contacted by the municipality or a truancy officer. However, undocumented status does not change the obligation to attend school, and public schools cannot refuse UM children.",,
,,1.0,The score is 1.00 because there are no contradictions—great job staying true to the retrieval context!
Examine rare neuropsychiatric disorders in undocumented child victims of prolonged human trafficking.,"Undocumented child victims of prolonged human trafficking are highly vulnerable and may develop rare neuropsychiatric disorders due to severe and ongoing trauma. These can include complex post-traumatic stress disorder (C-PTSD), dissociative disorders, and somatic symptom disorders. The chronic stress, loss of control, and degrading conditions described in the context often lead to long-term psychological and physical problems. Because these children are undocumented, they may have limited access to healthcare and support, making early identification and intervention challenging. It is important to recognize their rights and refer them to specialized organizations for help.",,
,,1.0,"The score is 1.00 because there are no contradictions listed, indicating the actual output aligns perfectly with the retrieval context. Great job maintaining faithfulness!"
"Which orgs, flyers, and procedures address urgent/non-urgent labor mistreatment and exploitation cases?","For cases of labor mistreatment or exploitation, the organization FairWork specializes in helping people with work problems, labor exploitation, or human trafficking. 

- **Non-urgent situations:** Share FairWork’s contact details and the “Know your rights when you work” flyer (available in multiple languages, e.g., [English](https://www.comensha.nl/media/rtbj5ggv/2026-know-your-rights-flyer-geen-verblijfsstatus-eng.pdf)).  
- **Serious cases needing follow-up:** With the person’s permission, make a warm referral by sharing their phone number with FairWork so they can reach out directly. Inform your Team Captain (TC) about the situation.
- **Immediate/urgent cases:** Inform your TC, who will contact FairWork immediately for help.

FairWork contact: [https://www.fairwork.nu/en/homepage/](https://www.fairwork.nu/en/homepage/) | Phone: +31 20 760 08 09

Always assess urgency and involve your TC as needed.",,
,,1.0,"The score is 1.00 because there are no contradictions listed, indicating the actual output aligns perfectly with the retrieval context. Great job maintaining faithfulness!"
"What specific labor rights protect undocumented workers in NL, including reporting exploitation or wage theft?","Undocumented workers in the Netherlands still have labor rights. They are entitled to a fair wage and safe working conditions, even without a residence permit. If they are exploited or not paid, they have the right to report this to the police without being deported immediately. For more information about their rights, they can use the flyer 'Know your rights when you work' (available in multiple languages). If they experience problems at work, organizations like FairWork can help, especially in cases of exploitation or human trafficking.",,
,,1.0,The score is 1.00 because there are no contradictions—great job staying true to the retrieval context!
"Where can I find multilingual digital flyers on labour rights for undocumented workers, incl. urgent help contacts?","You can find multilingual digital flyers on labour rights for undocumented workers, including urgent help contacts, at the following links:

- [English](https://www.comensha.nl/media/rtbj5ggv/2026-know-your-rights-flyer-geen-verblijfsstatus-eng.pdf)  
- [Dutch](https://www.comensha.nl/media/lwvbm1sm/2026-know-your-rights-flyer-geen-verblijfsstatus-nl.pdf)  
- [Arabic](https://www.comensha.nl/media/y52f42oz/2026-know-your-rights-flyer-geen-verblijfsstatus-ar.pdf)  
- [Portuguese](https://www.comensha.nl/media/igqeeotx/2026-know-your-rights-flyer-geen-verblijfsstatus-po.pdf)  
- [French](https://www.comensha.nl/media/g5zl4y2t/2026-know-your-rights-flyer-geen-verblijfsstatus-fr.pdf)  
- [Spanish](https://www.comensha.nl/media/obpfh0nt/2026-know-your-rights-flyer-geen-verblijfsstatus-esp.pdf)  
- [Indonesian](https://www.comensha.nl/media/hablxzvb/2026-know-your-rights-flyer-geen-verblijfsstatus-bahasa.pdf)  
- [Tagalog](https://www.comensha.nl/media/skdj3gdb/2026-know-your-rights-flyer-geen-verblijfsstatus-tag.pdf)

For urgent help, you can contact FairWork, an organization specialized in labour exploitation and human trafficking:
- Website: https://www.fairwork.nu/en/homepage/
- Phone: +31 20 760 08 09",,
,,1.0,The score is 1.00 because there are no contradictions—great job staying true to the retrieval context!
"If an undocumented worker faces coercion and exploitation, what indicators might suggest human trafficking?","Indicators of human trafficking include being forced to work in unsafe conditions, being paid far too little, or having to work extremely long hours (exploitation). If this exploitation is accompanied by coercion or results from deception, it may be a case of human trafficking. Even without a residence permit, you have rights in the Netherlands, including the right to a fair wage and to report exploitation to the police.",,
,,1.0,The score is 1.00 because there are no contradictions—great job staying completely faithful to the retrieval context!
"If Sympany stopped collecting clothes, how would Red Cross handle clothing donations and repurposing?","If Sympany stopped collecting clothes, the Red Cross would need to find an alternative partner or method for collecting and repurposing clothing donations, as they currently cooperate with Sympany for this purpose. For up-to-date options, you can check https://helpfulinformation.redcross.nl/.",,
,,1.0,The score is 1.00 because there are no contradictions—great job staying true to the retrieval context!
"Does the Red Cross distribute clothing directly to individuals, or only to shelter locations?","The Red Cross only provides clothing to shelter locations, not directly to individuals.",,
,,1.0,"The score is 1.00 because there are no contradictions listed, indicating the actual output aligns perfectly with the retrieval context. Great job maintaining faithfulness!"
"How does the Red Cross, in cooperation with Sympany, collect and repurpose clothing donations via containers?",The Red Cross works with Sympany to collect clothing donations through designated containers. Donors can find the nearest container using https://www.sympany.nl/. Sympany then collects and repurposes the donated clothing.,,
,,1.0,The score is 1.00 because there are no contradictions—great job staying true to the retrieval context!
"If needing clothing, how does Red Cross's helpline and HIA city options assist individuals?","The Red Cross helpline does not provide clothing directly to individuals but can refer them to local options found on HIA, which lists resources per city. This helps individuals find the closest available assistance for clothing needs.",,
,,1.0,"The score is 1.00 because there are no contradictions listed, indicating the actual output aligns perfectly with the retrieval context. Great job maintaining faithfulness!"
Where can refugees in temporary shelters access emergency clothing support in the Netherlands?,"Refugees in temporary shelters can access emergency clothing support directly at the shelter locations, as the Red Cross provides clothing only to shelters, not to individuals. For other options nearby, check the list per city on HIA: https://helpfulinformation.redcross.nl/",,
,,1.0,The score is 1.00 because there are no contradictions—great job staying true to the retrieval context!
"If someone relocates unexpectedly, how would you determine the nearest clothing assistance option for them?","To determine the nearest clothing assistance option for someone who relocates unexpectedly, first check where they currently live. Then, use the list of options per city on HIA (https://helpfulinformation.redcross.nl/) to find the closest available assistance.",,
,,1.0,The score is 1.00 because there are no contradictions—great job staying true to the retrieval context!
"How does Red Cross handle clothing provision and donation, considering HIA and Sympany collaboration?","The Red Cross does not provide clothing directly to individuals, only to shelter locations. For individuals seeking clothing, they are referred to local options found on HIA (https://helpfulinformation.redcross.nl/). For clothing donations, the Red Cross collaborates with Sympany, and donors can find the nearest donation container via https://www.sympany.nl/.",,
,,1.0,"The score is 1.00 because there are no contradictions listed, indicating the actual output aligns perfectly with the retrieval context. Great job maintaining faithfulness!"
"How can city-specific Red Cross clothing assistance options differ, considering individual vs. shelter support policies?","City-specific Red Cross clothing assistance options can differ because the Red Cross only provides clothing to shelters, not to individuals directly. Therefore, available support depends on the presence of shelters in a city and local referral options listed on HIA. Individuals seeking clothing assistance are referred to nearby resources, which vary by location. For city-specific options, always check the HIA website: https://helpfulinformation.redcross.nl/.",,
,,1.0,"The score is 1.00 because there are no contradictions listed, indicating the actual output aligns perfectly with the retrieval context. Great job maintaining faithfulness!"
"How do Red Cross clothing assistance and donation processes differ, and what roles do HIA and Sympany play?","The Red Cross does not provide clothing directly to individuals but supplies clothing only to shelter locations. For individuals seeking clothing, the Red Cross refers them to local options listed on HIA (https://helpfulinformation.redcross.nl/). In contrast, clothing donations are managed through a partnership with Sympany, which collects and repurposes donated clothing via designated containers (https://www.sympany.nl/). Thus, HIA helps individuals find assistance, while Sympany handles donation logistics.",,
,,1.0,"The score is 1.00 because there are no contradictions listed, indicating the actual output aligns perfectly with the retrieval context. Great job maintaining faithfulness!"
"Can the Red Cross refer me to nearby orgs for clothing, using HIA or Google search?","Yes, the Red Cross can refer you to nearby organizations for clothing using HIA or a Google search. Always check where you live to get the closest option. You can find a list of options per city on HIA: https://helpfulinformation.redcross.nl/",,
,,1.0,"The score is 1.00 because there are no contradictions listed, indicating the actual output aligns perfectly with the retrieval context. Great job maintaining faithfulness!"
"Explain why the Red Cross helpline can't give clothing directly, and how referrals are handled.","The Red Cross helpline can't give clothing directly because the organization only provides clothing to shelter locations, not to individuals. Instead, the helpline refers people to other options for clothing assistance, using resources like HIA or Google to find the closest available help based on where the person lives. A list of options per city can be found on HIA: https://helpfulinformation.redcross.nl/",,
,,1.0,"The score is 1.00 because there are no contradictions listed, indicating the actual output aligns perfectly with the retrieval context. Great job maintaining faithfulness!"
How does Sympany process and repurpose clothing collected from Red Cross donation containers?,"Sympany collects clothing from Red Cross donation containers, sorts it, and then repurposes it by either reselling wearable items in second-hand shops or recycling unusable textiles into new products. This process helps reduce waste and supports sustainable clothing use. For more information, visit https://www.sympany.nl/.",,
,,1.0,"The score is 1.00 because there are no contradictions listed, indicating the actual output aligns perfectly with the retrieval context. Great job staying faithful to the source!"
How can Sympany's partnership and HIA city lists help locate nearby clothing donation containers?,"Sympany's partnership with the Red Cross allows you to find nearby clothing donation containers using their website: https://www.sympany.nl/. Additionally, the HIA city lists (https://helpfulinformation.redcross.nl/) provide location-specific options, helping you identify the closest donation points in your area.",,
,,1.0,The score is 1.00 because there are no contradictions—great job staying true to the retrieval context!
How does Red Cross's partnership with Sympany and HIA facilitate clothing donation and distribution?,"The Red Cross partners with Sympany to collect and repurpose clothing donations through designated containers, making it easy for people to donate. For distribution, the Red Cross does not give clothing directly to individuals but provides clothing at shelter locations and refers people to local options listed on HIA (https://helpfulinformation.redcross.nl/), ensuring support is accessible and location-specific.",,
,,1.0,The score is 1.00 because there are no contradictions—great job staying true to the retrieval context!
